{"cameraMode":{"drawMode":0,"name":"Shaded","section":"Shading Mode"},"sceneLighting":true,"audioPlay":false,"sceneViewState":{"m_AlwaysRefresh":false,"showFog":true,"showSkybox":true,"showFlares":true,"showImageEffects":true,"showParticleSystems":true,"showVisualEffectGraphs":true,"m_FxEnabled":true},"in2DMode":false,"pivot":{"x":-0.6124694347381592,"y":-3.012256145477295,"z":-0.46620941162109377},"rotation":{"x":0.011677879840135575,"y":-0.045883432030677798,"z":-0.0005366723635233939,"w":-0.9988795518875122},"size":4.059723854064941,"orthographic":true}