{"cameraMode":{"drawMode":0,"name":"Shaded","section":"Shading Mode"},"sceneLighting":true,"audioPlay":false,"sceneViewState":{"m_AlwaysRefresh":false,"showFog":true,"showSkybox":true,"showFlares":true,"showImageEffects":true,"showParticleSystems":true,"showVisualEffectGraphs":true,"m_FxEnabled":true},"in2DMode":false,"pivot":{"x":-4.4106621742248539,"y":-4.477066993713379,"z":-0.03842964768409729},"rotation":{"x":0.001499992678873241,"y":-0.002999992109835148,"z":0.00000449999561169534,"w":0.9999943375587463},"size":0.9415205121040344,"orthographic":true}